filename,name,interests
samples.pdf,Dr. Andrea,"[""developing AI solutions for local challenges"", ""AI for limited infrastructure"", ""AI for multilingual populations"", ""AI for different societal structures""]"
samples.pdf,Professor MMiiii,"[""building local AI talent"", ""research capacity"", ""sovereign AI capabilities""]"
sample.txt,Dr. Sits,"[""developing AI solutions that address local challenges"", ""AI that works with limited infrastructure"", ""multilingual populations"", ""different societal structures""]"
sample.txt,Professor friii,"[""building local AI talent"", ""research capacity"", ""sovereign AI capabilities tailored to specific needs""]"
sample.txt,Minister Tola,"[""AI that drives economic growth"", ""ensuring equity"", ""AI in healthcare"", ""AI in agriculture"", ""AI in education"", ""frameworks that protect citizens' data"", ""ensuring technologies don't exacerbate existing inequalities""]"
samples.docx,Dr. Amara,"[""developing AI solutions that address local challenges"", ""AI that works with limited infrastructure, multilingual populations, and different societal structures"", ""ensuring AI development aligns with cultural values and norms of each society""]"
samples.docx,Professor Chen,"[""building local AI talent and research capacity"", ""sovereign AI capabilities tailored to specific needs"", ""collaborative models that allow developing countries to pool resources for AI research and development""]"
samples.docx,Minister Okonkwo,"[""AI that drives economic growth while ensuring equity"", ""frameworks that protect citizens' data"", ""AI that augments human work rather than simply automating it away""]"
samples.docx,Ms. Rivera,"[""creating sustainable business models around AI"", ""technologies that can operate in areas with intermittent connectivity and on less powerful devices"", ""investment ecosystems that understand local markets""]"
samples.docx,Dr. Patel,"[""developing AI diagnostic tools that can work offline in rural clinics"", ""creating systems that don't require constant cloud connectivity or expensive hardware"", ""better approaches to data collection that respect privacy and consent""]"
samples.docx,Mr. Adeyemi,"[""using AI to help smallholder farmers predict crop diseases and optimize planting schedules"", ""making tools accessible to farmers with basic feature phones and in multiple local languages"", ""business models that make AI accessible without creating dependency on foreign companies""]"
samples.docx,Ms. Nguyen,"[""AI tutoring systems that adapt to different learning styles and educational backgrounds"", ""personalized education to address teacher shortages"", ""creating flexible frameworks that local educators can adapt""]"
samples.docx,Dr. Santos,"[""using AI to improve climate resilience planning"", ""prediction models specifically calibrated for tropical environments and extreme weather events"", ""AI for pharmaceutical and medical supply management""]"
samples.docx,Dr. Menon,"[""data sovereignty"", ""frameworks that ensure data remains under local jurisdiction while enabling innovation"", ""multi-stakeholder governance models""]"
samples.docx,Professor Osei,"[""ensuring AI systems respect diverse cultural values"", ""regional approaches that respect local contexts while enabling cross-border data flows"", ""adaptive governance models""]"
samples.docx,Ms. Rodriguez,"[""frameworks that protect vulnerable groups"", ""inclusion and accessibility in AI frameworks"", ""participatory governance models""]"
samples.docx,Mr. Kim,"[""regulatory clarity that enables innovation while protecting citizens"", ""regulatory sandboxes for controlled testing of AI applications"", ""public-private partnerships""]"
samples.docx,Dr. Mbeki,"[""developing educational pathways that lead to AI careers"", ""creating sustainable talent pipelines"", ""infrastructure like cloud computing access and reliable electricity""]"
samples.docx,Ms. Chandra,"[""new models of technology transfer"", ""collaborative research, open-source development, and joint ventures"", ""South-South collaboration""]"
samples.docx,Mr. Ortiz,"[""creating innovation ecosystems"", ""incubators, accelerators, and innovation hubs tailored to local contexts"", ""public-private partnerships for sustainable funding""]"
samples.docx,Dr. Wang,"[""supporting research that addresses local priorities"", ""new evaluation frameworks and funding mechanisms"", ""inclusive capacity building efforts""]"
samples.docx,Dr. Kumari,"[""using AI to extend financial services to the unbanked"", ""AI-powered credit scoring that doesn't rely on traditional banking history"", ""regulatory sandboxes for fintech AI""]"
samples.docx,Mr. Okoro,"[""AI systems that can verify identity without requiring government IDs"", ""hybrid models combining lightweight AI with cloud-based systems"", ""community-based models for financial inclusion""]"
samples.docx,Ms. Patel,"[""AI that optimizes microfinance operations"", ""predicting repayment patterns to make microfinance sustainable"", ""community-based models incorporating traditional support systems""]"
samples.docx,Dr. Martinez,"[""ethical frameworks for financial AI"", ""systems that explain decisions and avoid predatory lending"", ""respecting privacy in contexts with limited financial literacy""]"
samples.docx,Dr. Nkosi,"[""predictive systems for disease outbreaks"", ""AI approaches that work with incomplete or fragmented health data"", ""early warning systems that save lives""]"
samples.docx,Professor Wong,"[""diagnostic tools that extend specialist care to underserved areas"", ""federated learning models for collaborative AI training"", ""AI that pre-screens medical cases to improve efficiency""]"
samples.docx,Ms. Diallo,"[""AI systems that support community health workers"", ""multilingual systems or visual interfaces for diverse populations"", ""decision support and treatment protocols for frontline workers""]"
samples.docx,Dr. Rahman,"[""personalized learning systems for varying student backgrounds"", ""low-resource AI that runs on basic devices"", ""measuring learning outcomes and economic impact""]"
samples.docx,Ms. Gonzalez,"[""AI that supports teacher development"", ""real-time coaching and lesson planning assistance"", ""community-based deployment models for education technology""]"
samples.docx,Mr. Deng,"[""AI for vocational training and skill matching"", ""identifying emerging job opportunities and creating targeted training paths"", ""public-private partnerships for skills development""]"
samples.docx,Dr. Nwosu,"[""AI that provides better education analytics"", ""visibility into performance, attendance, and outcomes"", ""effective interventions based on data""]"
samples.docx,Dr. Singh,"[""predictive systems for small-scale farmers"", ""crowdsourced approaches to agricultural data collection"", ""actionable insights via simple interfaces""]"
samples.docx,Ms. Mwangi,"[""systems that democratize agricultural knowledge"", ""voice-based systems in local languages"", ""combining traditional knowledge with scientific data""]"
samples.docx,Professor Kim,"[""reducing post-harvest losses"", ""optimizing storage, transportation, and processing"", ""cooperative models for technology access""]"
samples.docx,Mr. Osei,"[""AI-powered risk assessment for agricultural lending"", ""integrating AI systems with market access"", ""unlocking capital for small-scale farmers""]"
samples.docx,Minister Alonso,"[""maintaining technological sovereignty"", ""participating in global AI development"", ""capacity building for regulatory expertise""]"
samples.docx,Dr. Tanaka,"[""governance frameworks that reflect diverse cultural values"", ""pluralistic approaches to AI ethics"", ""adaptive governance models""]"
samples.docx,Ms. Naidoo,"[""participatory governance models"", ""inclusive processes in technology decision-making"", ""transparency requirements for low-resource contexts""]"
samples.docx,Mr. Hassan,"[""regional governance approaches"", ""South-South cooperation on governance"", ""establishing meaningful standards with global tech companies""]"
samples.docx,Dr. Fernandez,"[""early warning systems for climate-related disasters"", ""participatory sensing networks"", ""integrating multiple data sources for accurate predictions""]"
samples.docx,Ms. Chen,"[""AI for resource-efficient urban development"", ""incorporating indigenous and traditional knowledge"", ""optimizing water distribution, waste management, and energy systems""]"
samples.docx,Mr. Abdulahi,"[""AI for biodiversity monitoring and protection"", ""computer vision and acoustic monitoring systems"", ""technology transfer models for conservation AI""]"
samples.docx,Dr. Gupta,"[""AI for distributed renewable energy systems"", ""predicting demand patterns and optimizing micro-grid operations"", ""creating environmental data commons""]"
